flow_type,visits,conversions,conversion_rate,total_sale_amount,total_expected_commission
EXTERNAL_CONFIG,3896,460,11.806981519507186,350339.544,17872.184247999998
EXTERNAL_HEADER,5872,681,11.59741144414169,334861.5,17525.661851
EXTERNAL_LOGIN,6996,747,10.677530017152659,220093.256,9659.22017454
INAPP_DEFAULT,1180701,151643,12.84347180192106,83490302.6087,6502154.65589494
