comparison,control_cvr,test_cvr,uplift_pct,z_stat,p_value,significant_95pct
A vs B,0.12868663228457358,0.12606900198829835,-2.0341120517371913,3.430134191728652,0.0006032828138508478,True
A vs C,0.12868663228457358,0.1273295646963816,-1.0545521038976324,1.772351128851227,0.07633628888916343,False
