variant,visits,conversions,conversion_rate,total_sale_amount,total_cashback_amount,total_expected_commission
a,377716,48607,12.868663228457358,27371536.0832,1516327.130107,2100034.94805232
b,385757,48632,12.606900198829834,25347881.5252,1458684.774755,2012811.87151336
c,383870,48878,12.73295646963816,27233911.317,1519347.674722,2112918.1563047
